<?xml version="1.0" encoding="UTF-8"?>
<!DOCTYPE hibernate-mapping PUBLIC
        "-//Hibernate/Hibernate Mapping DTD 3.0//EN"
        "http://hibernate.sourceforge.net/hibernate-mapping-3.0.dtd">




<hibernate-mapping package="com.infy.model">

	<class name="Customer" table="customer">
<id name="customerId" >         <!-- Primary key -->
<generator class="assigned"/>
</id>

<property name="custName"/>
<property name="custDob"/>
<property name="custMobile"/>
<property name="custType"/>
<property name="custAddress"/>

</class>
</hibernate-mapping>
